<?xml version="1.0" encoding="UTF-8"?>
<GenRun Id="impl_1" LaunchPart="xc7a100tcsg324-1" LaunchTime="1620812852">
  <File Type="BITSTR-BMM" Name="dynamic_scan_bd.bmm"/>
  <File Type="OPT-METHODOLOGY-DRC" Name="dynamic_scan_methodology_drc_opted.rpt"/>
  <File Type="INIT-TIMING" Name="dynamic_scan_timing_summary_init.rpt"/>
  <File Type="ROUTE-PWR" Name="dynamic_scan_power_routed.rpt"/>
  <File Type="PA-TCL" Name="dynamic_scan.tcl"/>
  <File Type="OPT-TIMING" Name="dynamic_scan_timing_summary_opted.rpt"/>
  <File Type="OPT-DCP" Name="dynamic_scan_opt.dcp"/>
  <File Type="ROUTE-PWR-SUM" Name="dynamic_scan_power_summary_routed.pb"/>
  <File Type="REPORTS-TCL" Name="dynamic_scan_reports.tcl"/>
  <File Type="OPT-DRC" Name="dynamic_scan_drc_opted.rpt"/>
  <File Type="OPT-HWDEF" Name="dynamic_scan.hwdef"/>
  <File Type="PWROPT-DCP" Name="dynamic_scan_pwropt.dcp"/>
  <File Type="PWROPT-DRC" Name="dynamic_scan_drc_pwropted.rpt"/>
  <File Type="PWROPT-TIMING" Name="dynamic_scan_timing_summary_pwropted.rpt"/>
  <File Type="PLACE-DCP" Name="dynamic_scan_placed.dcp"/>
  <File Type="PLACE-IO" Name="dynamic_scan_io_placed.rpt"/>
  <File Type="PLACE-CLK" Name="dynamic_scan_clock_utilization_placed.rpt"/>
  <File Type="PLACE-UTIL" Name="dynamic_scan_utilization_placed.rpt"/>
  <File Type="PLACE-UTIL-PB" Name="dynamic_scan_utilization_placed.pb"/>
  <File Type="PLACE-CTRL" Name="dynamic_scan_control_sets_placed.rpt"/>
  <File Type="PLACE-SIMILARITY" Name="dynamic_scan_incremental_reuse_placed.rpt"/>
  <File Type="PLACE-PRE-SIMILARITY" Name="dynamic_scan_incremental_reuse_pre_placed.rpt"/>
  <File Type="PLACE-TIMING" Name="dynamic_scan_timing_summary_placed.rpt"/>
  <File Type="POSTPLACE-PWROPT-DCP" Name="dynamic_scan_postplace_pwropt.dcp"/>
  <File Type="BG-BIN" Name="dynamic_scan.bin"/>
  <File Type="POSTPLACE-PWROPT-TIMING" Name="dynamic_scan_timing_summary_postplace_pwropted.rpt"/>
  <File Type="PHYSOPT-DCP" Name="dynamic_scan_physopt.dcp"/>
  <File Type="PHYSOPT-DRC" Name="dynamic_scan_drc_physopted.rpt"/>
  <File Type="BITSTR-MSK" Name="dynamic_scan.msk"/>
  <File Type="PHYSOPT-TIMING" Name="dynamic_scan_timing_summary_physopted.rpt"/>
  <File Type="ROUTE-ERROR-DCP" Name="dynamic_scan_routed_error.dcp"/>
  <File Type="ROUTE-DCP" Name="dynamic_scan_routed.dcp"/>
  <File Type="ROUTE-BLACKBOX-DCP" Name="dynamic_scan_routed_bb.dcp"/>
  <File Type="ROUTE-DRC" Name="dynamic_scan_drc_routed.rpt"/>
  <File Type="ROUTE-DRC-PB" Name="dynamic_scan_drc_routed.pb"/>
  <File Type="ROUTE-DRC-RPX" Name="dynamic_scan_drc_routed.rpx"/>
  <File Type="BITSTR-MMI" Name="dynamic_scan.mmi"/>
  <File Type="ROUTE-METHODOLOGY-DRC" Name="dynamic_scan_methodology_drc_routed.rpt"/>
  <File Type="ROUTE-METHODOLOGY-DRC-RPX" Name="dynamic_scan_methodology_drc_routed.rpx"/>
  <File Type="ROUTE-METHODOLOGY-DRC-PB" Name="dynamic_scan_methodology_drc_routed.pb"/>
  <File Type="ROUTE-PWR-RPX" Name="dynamic_scan_power_routed.rpx"/>
  <File Type="ROUTE-STATUS" Name="dynamic_scan_route_status.rpt"/>
  <File Type="ROUTE-STATUS-PB" Name="dynamic_scan_route_status.pb"/>
  <File Type="ROUTE-TIMINGSUMMARY" Name="dynamic_scan_timing_summary_routed.rpt"/>
  <File Type="ROUTE-TIMING-PB" Name="dynamic_scan_timing_summary_routed.pb"/>
  <File Type="ROUTE-TIMING-RPX" Name="dynamic_scan_timing_summary_routed.rpx"/>
  <File Type="ROUTE-SIMILARITY" Name="dynamic_scan_incremental_reuse_routed.rpt"/>
  <File Type="ROUTE-CLK" Name="dynamic_scan_clock_utilization_routed.rpt"/>
  <File Type="ROUTE-BUS-SKEW" Name="dynamic_scan_bus_skew_routed.rpt"/>
  <File Type="ROUTE-BUS-SKEW-PB" Name="dynamic_scan_bus_skew_routed.pb"/>
  <File Type="ROUTE-BUS-SKEW-RPX" Name="dynamic_scan_bus_skew_routed.rpx"/>
  <File Type="POSTROUTE-PHYSOPT-DCP" Name="dynamic_scan_postroute_physopt.dcp"/>
  <File Type="POSTROUTE-PHYSOPT-BLACKBOX-DCP" Name="dynamic_scan_postroute_physopt_bb.dcp"/>
  <File Type="POSTROUTE-PHYSOPT-TIMING" Name="dynamic_scan_timing_summary_postroute_physopted.rpt"/>
  <File Type="POSTROUTE-PHYSOPT-TIMING-PB" Name="dynamic_scan_timing_summary_postroute_physopted.pb"/>
  <File Type="POSTROUTE-PHYSOPT-TIMING-RPX" Name="dynamic_scan_timing_summary_postroute_physopted.rpx"/>
  <File Type="POSTROUTE-PHYSOPT-BUS-SKEW" Name="dynamic_scan_bus_skew_postroute_physopted.rpt"/>
  <File Type="POSTROUTE-PHYSOPT-BUS-SKEW-PB" Name="dynamic_scan_bus_skew_postroute_physopted.pb"/>
  <File Type="BG-BIT" Name="dynamic_scan.bit"/>
  <File Type="POSTROUTE-PHYSOPT-BUS-SKEW-RPX" Name="dynamic_scan_bus_skew_postroute_physopted.rpx"/>
  <File Type="BITSTR-RBT" Name="dynamic_scan.rbt"/>
  <File Type="BITSTR-NKY" Name="dynamic_scan.nky"/>
  <File Type="PDI-FILE" Name="dynamic_scan.pdi"/>
  <File Type="RCFI_FILE" Name="dynamic_scan.rcfi"/>
  <File Type="CFI_FILE" Name="dynamic_scan.cfi"/>
  <File Type="RNPI_FILE" Name="dynamic_scan.rnpi"/>
  <File Type="NPI_FILE" Name="dynamic_scan.npi"/>
  <File Type="RBD_FILE" Name="dynamic_scan.rbd"/>
  <File Type="BITSTR-LTX" Name="debug_nets.ltx"/>
  <File Type="BITSTR-LTX" Name="dynamic_scan.ltx"/>
  <File Type="BITSTR-SYSDEF" Name="dynamic_scan.sysdef"/>
  <File Type="BG-BGN" Name="dynamic_scan.bgn"/>
  <File Type="BG-DRC" Name="dynamic_scan.drc"/>
  <File Type="RDI-RDI" Name="dynamic_scan.vdi"/>
  <File Type="WBT-USG" Name="usage_statistics_webtalk.html"/>
  <FileSet Name="sources" Type="DesignSrcs" RelSrcDir="$PSRCDIR/sources_1" RelGenDir="$PGENDIR/sources_1">
    <Filter Type="Srcs"/>
    <File Path="$PPRDIR/../../exp_3_1/exp_3_1/exp_3_1.srcs/sources_1/new/exp_3_1.v">
      <FileInfo>
        <Attr Name="UsedIn" Val="synthesis"/>
        <Attr Name="UsedIn" Val="implementation"/>
        <Attr Name="UsedIn" Val="simulation"/>
      </FileInfo>
    </File>
    <File Path="$PPRDIR/../../exp_3_2/exp_3_2/exp_3_2.srcs/sources_1/new/exp_3_2.v">
      <FileInfo>
        <Attr Name="UsedIn" Val="synthesis"/>
        <Attr Name="UsedIn" Val="implementation"/>
        <Attr Name="UsedIn" Val="simulation"/>
      </FileInfo>
    </File>
    <File Path="$PPRDIR/../../exp_3_4/exp_3_4/exp_3_4.srcs/sources_1/new/exp_3_4.v">
      <FileInfo>
        <Attr Name="UsedIn" Val="synthesis"/>
        <Attr Name="UsedIn" Val="implementation"/>
        <Attr Name="UsedIn" Val="simulation"/>
      </FileInfo>
    </File>
    <File Path="$PPRDIR/../../exp_3_5/exp_3_5/exp_3_5.srcs/sources_1/new/exp_3_5.v">
      <FileInfo>
        <Attr Name="UsedIn" Val="synthesis"/>
        <Attr Name="UsedIn" Val="implementation"/>
        <Attr Name="UsedIn" Val="simulation"/>
      </FileInfo>
    </File>
    <File Path="$PPRDIR/../../exp_3_5/exp_3_5/exp_3_5.srcs/sources_1/new/exp_3_5_1.v">
      <FileInfo>
        <Attr Name="UsedIn" Val="synthesis"/>
        <Attr Name="UsedIn" Val="implementation"/>
        <Attr Name="UsedIn" Val="simulation"/>
      </FileInfo>
    </File>
    <File Path="$PSRCDIR/sources_1/new/exp_3_6.v">
      <FileInfo>
        <Attr Name="UsedIn" Val="synthesis"/>
        <Attr Name="UsedIn" Val="implementation"/>
        <Attr Name="UsedIn" Val="simulation"/>
      </FileInfo>
    </File>
    <File Path="$PPRDIR/../../exp_3_3/exp_3_3/exp_3_3.srcs/sources_1/new/exp_3_3.v">
      <FileInfo>
        <Attr Name="AutoDisabled" Val="1"/>
        <Attr Name="UsedIn" Val="synthesis"/>
        <Attr Name="UsedIn" Val="implementation"/>
        <Attr Name="UsedIn" Val="simulation"/>
      </FileInfo>
    </File>
    <Config>
      <Option Name="DesignMode" Val="RTL"/>
      <Option Name="TopModule" Val="dynamic_scan"/>
      <Option Name="TopAutoSet" Val="TRUE"/>
    </Config>
  </FileSet>
  <FileSet Name="constrs_in" Type="Constrs" RelSrcDir="$PSRCDIR/constrs_1">
    <Filter Type="Constrs"/>
    <File Path="$PPRDIR/../../constrs/exp_3_6/Nexys4DDR_Master.xdc">
      <FileInfo>
        <Attr Name="UsedIn" Val="synthesis"/>
        <Attr Name="UsedIn" Val="implementation"/>
      </FileInfo>
    </File>
    <Config>
      <Option Name="ConstrsType" Val="XDC"/>
    </Config>
  </FileSet>
  <FileSet Name="utils" Type="Utils" RelSrcDir="$PSRCDIR/utils_1">
    <Filter Type="Utils"/>
    <Config>
      <Option Name="TopAutoSet" Val="TRUE"/>
    </Config>
  </FileSet>
  <Strategy Version="1" Minor="2">
    <StratHandle Name="Vivado Implementation Defaults" Flow="Vivado Implementation 2020">
      <Desc>Default settings for Implementation.</Desc>
    </StratHandle>
    <Step Id="init_design"/>
    <Step Id="opt_design"/>
    <Step Id="power_opt_design"/>
    <Step Id="place_design"/>
    <Step Id="post_place_power_opt_design"/>
    <Step Id="phys_opt_design"/>
    <Step Id="route_design"/>
    <Step Id="post_route_phys_opt_design"/>
    <Step Id="write_bitstream"/>
  </Strategy>
</GenRun>
