<?xml version="1.0" encoding="UTF-8"?>
<GenRun Id="impl_1" LaunchPart="xc7a100tcsg324-1" LaunchTime="1619610675">
  <File Type="BITSTR-BMM" Name="_7Seg_Driver_Decode_bd.bmm"/>
  <File Type="OPT-METHODOLOGY-DRC" Name="_7Seg_Driver_Decode_methodology_drc_opted.rpt"/>
  <File Type="INIT-TIMING" Name="_7Seg_Driver_Decode_timing_summary_init.rpt"/>
  <File Type="ROUTE-PWR" Name="_7Seg_Driver_Decode_power_routed.rpt"/>
  <File Type="PA-TCL" Name="_7Seg_Driver_Decode.tcl"/>
  <File Type="OPT-TIMING" Name="_7Seg_Driver_Decode_timing_summary_opted.rpt"/>
  <File Type="OPT-DCP" Name="_7Seg_Driver_Decode_opt.dcp"/>
  <File Type="ROUTE-PWR-SUM" Name="_7Seg_Driver_Decode_power_summary_routed.pb"/>
  <File Type="REPORTS-TCL" Name="_7Seg_Driver_Decode_reports.tcl"/>
  <File Type="OPT-DRC" Name="_7Seg_Driver_Decode_drc_opted.rpt"/>
  <File Type="OPT-HWDEF" Name="_7Seg_Driver_Decode.hwdef"/>
  <File Type="PWROPT-DCP" Name="_7Seg_Driver_Decode_pwropt.dcp"/>
  <File Type="PWROPT-DRC" Name="_7Seg_Driver_Decode_drc_pwropted.rpt"/>
  <File Type="PWROPT-TIMING" Name="_7Seg_Driver_Decode_timing_summary_pwropted.rpt"/>
  <File Type="PLACE-DCP" Name="_7Seg_Driver_Decode_placed.dcp"/>
  <File Type="PLACE-IO" Name="_7Seg_Driver_Decode_io_placed.rpt"/>
  <File Type="PLACE-CLK" Name="_7Seg_Driver_Decode_clock_utilization_placed.rpt"/>
  <File Type="PLACE-UTIL" Name="_7Seg_Driver_Decode_utilization_placed.rpt"/>
  <File Type="PLACE-UTIL-PB" Name="_7Seg_Driver_Decode_utilization_placed.pb"/>
  <File Type="PLACE-CTRL" Name="_7Seg_Driver_Decode_control_sets_placed.rpt"/>
  <File Type="PLACE-SIMILARITY" Name="_7Seg_Driver_Decode_incremental_reuse_placed.rpt"/>
  <File Type="PLACE-PRE-SIMILARITY" Name="_7Seg_Driver_Decode_incremental_reuse_pre_placed.rpt"/>
  <File Type="PLACE-TIMING" Name="_7Seg_Driver_Decode_timing_summary_placed.rpt"/>
  <File Type="POSTPLACE-PWROPT-DCP" Name="_7Seg_Driver_Decode_postplace_pwropt.dcp"/>
  <File Type="BG-BIN" Name="_7Seg_Driver_Decode.bin"/>
  <File Type="POSTPLACE-PWROPT-TIMING" Name="_7Seg_Driver_Decode_timing_summary_postplace_pwropted.rpt"/>
  <File Type="PHYSOPT-DCP" Name="_7Seg_Driver_Decode_physopt.dcp"/>
  <File Type="PHYSOPT-DRC" Name="_7Seg_Driver_Decode_drc_physopted.rpt"/>
  <File Type="BITSTR-MSK" Name="_7Seg_Driver_Decode.msk"/>
  <File Type="PHYSOPT-TIMING" Name="_7Seg_Driver_Decode_timing_summary_physopted.rpt"/>
  <File Type="ROUTE-ERROR-DCP" Name="_7Seg_Driver_Decode_routed_error.dcp"/>
  <File Type="ROUTE-DCP" Name="_7Seg_Driver_Decode_routed.dcp"/>
  <File Type="ROUTE-BLACKBOX-DCP" Name="_7Seg_Driver_Decode_routed_bb.dcp"/>
  <File Type="ROUTE-DRC" Name="_7Seg_Driver_Decode_drc_routed.rpt"/>
  <File Type="ROUTE-DRC-PB" Name="_7Seg_Driver_Decode_drc_routed.pb"/>
  <File Type="ROUTE-DRC-RPX" Name="_7Seg_Driver_Decode_drc_routed.rpx"/>
  <File Type="BITSTR-MMI" Name="_7Seg_Driver_Decode.mmi"/>
  <File Type="ROUTE-METHODOLOGY-DRC" Name="_7Seg_Driver_Decode_methodology_drc_routed.rpt"/>
  <File Type="ROUTE-METHODOLOGY-DRC-RPX" Name="_7Seg_Driver_Decode_methodology_drc_routed.rpx"/>
  <File Type="ROUTE-METHODOLOGY-DRC-PB" Name="_7Seg_Driver_Decode_methodology_drc_routed.pb"/>
  <File Type="ROUTE-PWR-RPX" Name="_7Seg_Driver_Decode_power_routed.rpx"/>
  <File Type="ROUTE-STATUS" Name="_7Seg_Driver_Decode_route_status.rpt"/>
  <File Type="ROUTE-STATUS-PB" Name="_7Seg_Driver_Decode_route_status.pb"/>
  <File Type="ROUTE-TIMINGSUMMARY" Name="_7Seg_Driver_Decode_timing_summary_routed.rpt"/>
  <File Type="ROUTE-TIMING-PB" Name="_7Seg_Driver_Decode_timing_summary_routed.pb"/>
  <File Type="ROUTE-TIMING-RPX" Name="_7Seg_Driver_Decode_timing_summary_routed.rpx"/>
  <File Type="ROUTE-SIMILARITY" Name="_7Seg_Driver_Decode_incremental_reuse_routed.rpt"/>
  <File Type="ROUTE-CLK" Name="_7Seg_Driver_Decode_clock_utilization_routed.rpt"/>
  <File Type="ROUTE-BUS-SKEW" Name="_7Seg_Driver_Decode_bus_skew_routed.rpt"/>
  <File Type="ROUTE-BUS-SKEW-PB" Name="_7Seg_Driver_Decode_bus_skew_routed.pb"/>
  <File Type="ROUTE-BUS-SKEW-RPX" Name="_7Seg_Driver_Decode_bus_skew_routed.rpx"/>
  <File Type="POSTROUTE-PHYSOPT-DCP" Name="_7Seg_Driver_Decode_postroute_physopt.dcp"/>
  <File Type="POSTROUTE-PHYSOPT-BLACKBOX-DCP" Name="_7Seg_Driver_Decode_postroute_physopt_bb.dcp"/>
  <File Type="POSTROUTE-PHYSOPT-TIMING" Name="_7Seg_Driver_Decode_timing_summary_postroute_physopted.rpt"/>
  <File Type="POSTROUTE-PHYSOPT-TIMING-PB" Name="_7Seg_Driver_Decode_timing_summary_postroute_physopted.pb"/>
  <File Type="POSTROUTE-PHYSOPT-TIMING-RPX" Name="_7Seg_Driver_Decode_timing_summary_postroute_physopted.rpx"/>
  <File Type="POSTROUTE-PHYSOPT-BUS-SKEW" Name="_7Seg_Driver_Decode_bus_skew_postroute_physopted.rpt"/>
  <File Type="POSTROUTE-PHYSOPT-BUS-SKEW-PB" Name="_7Seg_Driver_Decode_bus_skew_postroute_physopted.pb"/>
  <File Type="BG-BIT" Name="_7Seg_Driver_Decode.bit"/>
  <File Type="POSTROUTE-PHYSOPT-BUS-SKEW-RPX" Name="_7Seg_Driver_Decode_bus_skew_postroute_physopted.rpx"/>
  <File Type="BITSTR-RBT" Name="_7Seg_Driver_Decode.rbt"/>
  <File Type="BITSTR-NKY" Name="_7Seg_Driver_Decode.nky"/>
  <File Type="PDI-FILE" Name="_7Seg_Driver_Decode.pdi"/>
  <File Type="RCFI_FILE" Name="_7Seg_Driver_Decode.rcfi"/>
  <File Type="CFI_FILE" Name="_7Seg_Driver_Decode.cfi"/>
  <File Type="RNPI_FILE" Name="_7Seg_Driver_Decode.rnpi"/>
  <File Type="NPI_FILE" Name="_7Seg_Driver_Decode.npi"/>
  <File Type="RBD_FILE" Name="_7Seg_Driver_Decode.rbd"/>
  <File Type="BITSTR-LTX" Name="debug_nets.ltx"/>
  <File Type="BITSTR-LTX" Name="_7Seg_Driver_Decode.ltx"/>
  <File Type="BITSTR-SYSDEF" Name="_7Seg_Driver_Decode.sysdef"/>
  <File Type="BG-BGN" Name="_7Seg_Driver_Decode.bgn"/>
  <File Type="BG-DRC" Name="_7Seg_Driver_Decode.drc"/>
  <File Type="RDI-RDI" Name="_7Seg_Driver_Decode.vdi"/>
  <File Type="WBT-USG" Name="usage_statistics_webtalk.html"/>
  <FileSet Name="sources" Type="DesignSrcs" RelSrcDir="$PSRCDIR/sources_1" RelGenDir="$PGENDIR/sources_1">
    <Filter Type="Srcs"/>
    <File Path="$PSRCDIR/sources_1/new/exp_2_2.v">
      <FileInfo>
        <Attr Name="UsedIn" Val="synthesis"/>
        <Attr Name="UsedIn" Val="implementation"/>
        <Attr Name="UsedIn" Val="simulation"/>
      </FileInfo>
    </File>
    <Config>
      <Option Name="DesignMode" Val="RTL"/>
      <Option Name="TopModule" Val="_7Seg_Driver_Decode"/>
      <Option Name="TopAutoSet" Val="TRUE"/>
    </Config>
  </FileSet>
  <FileSet Name="constrs_in" Type="Constrs" RelSrcDir="$PSRCDIR/constrs_1">
    <Filter Type="Constrs"/>
    <File Path="$PPRDIR/../../constrs/exp_2_2/Nexys4DDR_Master.xdc">
      <FileInfo>
        <Attr Name="UsedIn" Val="synthesis"/>
        <Attr Name="UsedIn" Val="implementation"/>
      </FileInfo>
    </File>
    <Config>
      <Option Name="ConstrsType" Val="XDC"/>
    </Config>
  </FileSet>
  <FileSet Name="utils" Type="Utils" RelSrcDir="$PSRCDIR/utils_1">
    <Filter Type="Utils"/>
    <Config>
      <Option Name="TopAutoSet" Val="TRUE"/>
    </Config>
  </FileSet>
  <Strategy Version="1" Minor="2">
    <StratHandle Name="Vivado Implementation Defaults" Flow="Vivado Implementation 2020">
      <Desc>Default settings for Implementation.</Desc>
    </StratHandle>
    <Step Id="init_design"/>
    <Step Id="opt_design"/>
    <Step Id="power_opt_design"/>
    <Step Id="place_design"/>
    <Step Id="post_place_power_opt_design"/>
    <Step Id="phys_opt_design"/>
    <Step Id="route_design"/>
    <Step Id="post_route_phys_opt_design"/>
    <Step Id="write_bitstream"/>
  </Strategy>
</GenRun>
