<?xml version="1.0" encoding="UTF-8" ?>
<webTalkData  fileName='usage_statistics_ext_labtool.xml'  majorVersion='1' minorVersion='0' timeStamp='Wed Apr 28 20:00:06 2021'>
<section name="__ROOT__" level="0" order="1" description="">
 <section name="software_version_and_target_device" level="1" order="1" description="">
  <keyValuePair key="beta" value="FALSE" description="" />
  <keyValuePair key="build_version" value="3064766" description="" />
  <keyValuePair key="date_generated" value="Wed Apr 28 20:00:05 2021" description="" />
  <keyValuePair key="os_platform" value="WIN64" description="" />
  <keyValuePair key="product_version" value="Vivado v2020.2 (64-bit)" description="" />
  <keyValuePair key="project_id" value="d20ba8a3-bd84-4289-b05f-b4db850913ee" description="" />
  <keyValuePair key="project_iteration" value="1" description="" />
  <keyValuePair key="random_id" value="30e700eb-39ee-4e98-93ff-6ce21f6ff35a" description="" />
  <keyValuePair key="registration_id" value="30e700eb-39ee-4e98-93ff-6ce21f6ff35a" description="" />
  <keyValuePair key="route_design" value="FALSE" description="" />
  <keyValuePair key="target_device" value="not_applicable" description="" />
  <keyValuePair key="target_family" value="not_applicable" description="" />
  <keyValuePair key="target_package" value="not_applicable" description="" />
  <keyValuePair key="target_speed" value="not_applicable" description="" />
  <keyValuePair key="tool_flow" value="labtool" description="" />
 </section>
 <section name="user_environment" level="1" order="2" description="">
  <keyValuePair key="cpu_name" value="Intel(R) Core(TM) i7-10750H CPU @ 2.60GHz" description="" />
  <keyValuePair key="cpu_speed" value="2592 MHz" description="" />
  <keyValuePair key="os_name" value="Windows Server 2016 or Windows 10" description="" />
  <keyValuePair key="os_release" value="major release  (build 9200)" description="" />
  <keyValuePair key="system_ram" value="17.000 GB" description="" />
  <keyValuePair key="total_processors" value="1" description="" />
 </section>
 <section name="labtool" level="1" order="3" description="">
  <section name="usage" level="2" order="1" description="">
   <keyValuePair key="cable" value="Digilent/Nexys4DDR/15000000:" description="" />
   <keyValuePair key="chain" value="13631093" description="" />
   <keyValuePair key="pgmcnt" value="01:00:00" description="" />
  </section>
 </section>
 <section name="vivado_usage" level="1" order="4" description="">
 </section>
</section>
</webTalkData>
