<?xml version="1.0" encoding="UTF-8"?>
<GenRun Id="impl_1" LaunchPart="xc7a100tcsg324-1" LaunchTime="1620801846">
  <File Type="BITSTR-BMM" Name="divide_and_count_bd.bmm"/>
  <File Type="OPT-METHODOLOGY-DRC" Name="divide_and_count_methodology_drc_opted.rpt"/>
  <File Type="INIT-TIMING" Name="divide_and_count_timing_summary_init.rpt"/>
  <File Type="ROUTE-PWR" Name="divide_and_count_power_routed.rpt"/>
  <File Type="PA-TCL" Name="divide_and_count.tcl"/>
  <File Type="OPT-TIMING" Name="divide_and_count_timing_summary_opted.rpt"/>
  <File Type="OPT-DCP" Name="divide_and_count_opt.dcp"/>
  <File Type="ROUTE-PWR-SUM" Name="divide_and_count_power_summary_routed.pb"/>
  <File Type="REPORTS-TCL" Name="divide_and_count_reports.tcl"/>
  <File Type="OPT-DRC" Name="divide_and_count_drc_opted.rpt"/>
  <File Type="OPT-HWDEF" Name="divide_and_count.hwdef"/>
  <File Type="PWROPT-DCP" Name="divide_and_count_pwropt.dcp"/>
  <File Type="PWROPT-DRC" Name="divide_and_count_drc_pwropted.rpt"/>
  <File Type="PWROPT-TIMING" Name="divide_and_count_timing_summary_pwropted.rpt"/>
  <File Type="PLACE-DCP" Name="divide_and_count_placed.dcp"/>
  <File Type="PLACE-IO" Name="divide_and_count_io_placed.rpt"/>
  <File Type="PLACE-CLK" Name="divide_and_count_clock_utilization_placed.rpt"/>
  <File Type="PLACE-UTIL" Name="divide_and_count_utilization_placed.rpt"/>
  <File Type="PLACE-UTIL-PB" Name="divide_and_count_utilization_placed.pb"/>
  <File Type="PLACE-CTRL" Name="divide_and_count_control_sets_placed.rpt"/>
  <File Type="PLACE-SIMILARITY" Name="divide_and_count_incremental_reuse_placed.rpt"/>
  <File Type="PLACE-PRE-SIMILARITY" Name="divide_and_count_incremental_reuse_pre_placed.rpt"/>
  <File Type="PLACE-TIMING" Name="divide_and_count_timing_summary_placed.rpt"/>
  <File Type="POSTPLACE-PWROPT-DCP" Name="divide_and_count_postplace_pwropt.dcp"/>
  <File Type="BG-BIN" Name="divide_and_count.bin"/>
  <File Type="POSTPLACE-PWROPT-TIMING" Name="divide_and_count_timing_summary_postplace_pwropted.rpt"/>
  <File Type="PHYSOPT-DCP" Name="divide_and_count_physopt.dcp"/>
  <File Type="PHYSOPT-DRC" Name="divide_and_count_drc_physopted.rpt"/>
  <File Type="BITSTR-MSK" Name="divide_and_count.msk"/>
  <File Type="PHYSOPT-TIMING" Name="divide_and_count_timing_summary_physopted.rpt"/>
  <File Type="ROUTE-ERROR-DCP" Name="divide_and_count_routed_error.dcp"/>
  <File Type="ROUTE-DCP" Name="divide_and_count_routed.dcp"/>
  <File Type="ROUTE-BLACKBOX-DCP" Name="divide_and_count_routed_bb.dcp"/>
  <File Type="ROUTE-DRC" Name="divide_and_count_drc_routed.rpt"/>
  <File Type="ROUTE-DRC-PB" Name="divide_and_count_drc_routed.pb"/>
  <File Type="ROUTE-DRC-RPX" Name="divide_and_count_drc_routed.rpx"/>
  <File Type="BITSTR-MMI" Name="divide_and_count.mmi"/>
  <File Type="ROUTE-METHODOLOGY-DRC" Name="divide_and_count_methodology_drc_routed.rpt"/>
  <File Type="ROUTE-METHODOLOGY-DRC-RPX" Name="divide_and_count_methodology_drc_routed.rpx"/>
  <File Type="ROUTE-METHODOLOGY-DRC-PB" Name="divide_and_count_methodology_drc_routed.pb"/>
  <File Type="ROUTE-PWR-RPX" Name="divide_and_count_power_routed.rpx"/>
  <File Type="ROUTE-STATUS" Name="divide_and_count_route_status.rpt"/>
  <File Type="ROUTE-STATUS-PB" Name="divide_and_count_route_status.pb"/>
  <File Type="ROUTE-TIMINGSUMMARY" Name="divide_and_count_timing_summary_routed.rpt"/>
  <File Type="ROUTE-TIMING-PB" Name="divide_and_count_timing_summary_routed.pb"/>
  <File Type="ROUTE-TIMING-RPX" Name="divide_and_count_timing_summary_routed.rpx"/>
  <File Type="ROUTE-SIMILARITY" Name="divide_and_count_incremental_reuse_routed.rpt"/>
  <File Type="ROUTE-CLK" Name="divide_and_count_clock_utilization_routed.rpt"/>
  <File Type="ROUTE-BUS-SKEW" Name="divide_and_count_bus_skew_routed.rpt"/>
  <File Type="ROUTE-BUS-SKEW-PB" Name="divide_and_count_bus_skew_routed.pb"/>
  <File Type="ROUTE-BUS-SKEW-RPX" Name="divide_and_count_bus_skew_routed.rpx"/>
  <File Type="POSTROUTE-PHYSOPT-DCP" Name="divide_and_count_postroute_physopt.dcp"/>
  <File Type="POSTROUTE-PHYSOPT-BLACKBOX-DCP" Name="divide_and_count_postroute_physopt_bb.dcp"/>
  <File Type="POSTROUTE-PHYSOPT-TIMING" Name="divide_and_count_timing_summary_postroute_physopted.rpt"/>
  <File Type="POSTROUTE-PHYSOPT-TIMING-PB" Name="divide_and_count_timing_summary_postroute_physopted.pb"/>
  <File Type="POSTROUTE-PHYSOPT-TIMING-RPX" Name="divide_and_count_timing_summary_postroute_physopted.rpx"/>
  <File Type="POSTROUTE-PHYSOPT-BUS-SKEW" Name="divide_and_count_bus_skew_postroute_physopted.rpt"/>
  <File Type="POSTROUTE-PHYSOPT-BUS-SKEW-PB" Name="divide_and_count_bus_skew_postroute_physopted.pb"/>
  <File Type="BG-BIT" Name="divide_and_count.bit"/>
  <File Type="POSTROUTE-PHYSOPT-BUS-SKEW-RPX" Name="divide_and_count_bus_skew_postroute_physopted.rpx"/>
  <File Type="BITSTR-RBT" Name="divide_and_count.rbt"/>
  <File Type="BITSTR-NKY" Name="divide_and_count.nky"/>
  <File Type="PDI-FILE" Name="divide_and_count.pdi"/>
  <File Type="RCFI_FILE" Name="divide_and_count.rcfi"/>
  <File Type="CFI_FILE" Name="divide_and_count.cfi"/>
  <File Type="RNPI_FILE" Name="divide_and_count.rnpi"/>
  <File Type="NPI_FILE" Name="divide_and_count.npi"/>
  <File Type="RBD_FILE" Name="divide_and_count.rbd"/>
  <File Type="BITSTR-LTX" Name="debug_nets.ltx"/>
  <File Type="BITSTR-LTX" Name="divide_and_count.ltx"/>
  <File Type="BITSTR-SYSDEF" Name="divide_and_count.sysdef"/>
  <File Type="BG-BGN" Name="divide_and_count.bgn"/>
  <File Type="BG-DRC" Name="divide_and_count.drc"/>
  <File Type="RDI-RDI" Name="divide_and_count.vdi"/>
  <File Type="WBT-USG" Name="usage_statistics_webtalk.html"/>
  <FileSet Name="sources" Type="DesignSrcs" RelSrcDir="$PSRCDIR/sources_1" RelGenDir="$PGENDIR/sources_1">
    <Filter Type="Srcs"/>
    <File Path="$PPRDIR/../../exp_3_1/exp_3_1/exp_3_1.srcs/sources_1/new/exp_3_1.v">
      <FileInfo>
        <Attr Name="UsedIn" Val="synthesis"/>
        <Attr Name="UsedIn" Val="implementation"/>
        <Attr Name="UsedIn" Val="simulation"/>
      </FileInfo>
    </File>
    <File Path="$PPRDIR/../../exp_3_2/exp_3_2/exp_3_2.srcs/sources_1/new/exp_3_2.v">
      <FileInfo>
        <Attr Name="UsedIn" Val="synthesis"/>
        <Attr Name="UsedIn" Val="implementation"/>
        <Attr Name="UsedIn" Val="simulation"/>
      </FileInfo>
    </File>
    <File Path="$PSRCDIR/sources_1/new/exp_3_3.v">
      <FileInfo>
        <Attr Name="UsedIn" Val="synthesis"/>
        <Attr Name="UsedIn" Val="implementation"/>
        <Attr Name="UsedIn" Val="simulation"/>
      </FileInfo>
    </File>
    <Config>
      <Option Name="DesignMode" Val="RTL"/>
      <Option Name="TopModule" Val="divide_and_count"/>
      <Option Name="TopAutoSet" Val="TRUE"/>
    </Config>
  </FileSet>
  <FileSet Name="constrs_in" Type="Constrs" RelSrcDir="$PSRCDIR/constrs_1">
    <Filter Type="Constrs"/>
    <File Path="$PPRDIR/../../constrs/exp_3_3/Nexys4DDR_Master.xdc">
      <FileInfo>
        <Attr Name="UsedIn" Val="synthesis"/>
        <Attr Name="UsedIn" Val="implementation"/>
      </FileInfo>
    </File>
    <Config>
      <Option Name="ConstrsType" Val="XDC"/>
    </Config>
  </FileSet>
  <FileSet Name="utils" Type="Utils" RelSrcDir="$PSRCDIR/utils_1">
    <Filter Type="Utils"/>
    <Config>
      <Option Name="TopAutoSet" Val="TRUE"/>
    </Config>
  </FileSet>
  <Strategy Version="1" Minor="2">
    <StratHandle Name="Vivado Implementation Defaults" Flow="Vivado Implementation 2020">
      <Desc>Default settings for Implementation.</Desc>
    </StratHandle>
    <Step Id="init_design"/>
    <Step Id="opt_design"/>
    <Step Id="power_opt_design"/>
    <Step Id="place_design"/>
    <Step Id="post_place_power_opt_design"/>
    <Step Id="phys_opt_design"/>
    <Step Id="route_design"/>
    <Step Id="post_route_phys_opt_design"/>
    <Step Id="write_bitstream"/>
  </Strategy>
</GenRun>
