<?xml version="1.0" encoding="UTF-8"?>
<GenRun Id="impl_1" LaunchPart="xc7a100tcsg324-1" LaunchTime="1620798897">
  <File Type="BITSTR-BMM" Name="divider_bd.bmm"/>
  <File Type="OPT-METHODOLOGY-DRC" Name="divider_methodology_drc_opted.rpt"/>
  <File Type="INIT-TIMING" Name="divider_timing_summary_init.rpt"/>
  <File Type="ROUTE-PWR" Name="divider_power_routed.rpt"/>
  <File Type="PA-TCL" Name="divider.tcl"/>
  <File Type="OPT-TIMING" Name="divider_timing_summary_opted.rpt"/>
  <File Type="OPT-DCP" Name="divider_opt.dcp"/>
  <File Type="ROUTE-PWR-SUM" Name="divider_power_summary_routed.pb"/>
  <File Type="REPORTS-TCL" Name="divider_reports.tcl"/>
  <File Type="OPT-DRC" Name="divider_drc_opted.rpt"/>
  <File Type="OPT-HWDEF" Name="divider.hwdef"/>
  <File Type="PWROPT-DCP" Name="divider_pwropt.dcp"/>
  <File Type="PWROPT-DRC" Name="divider_drc_pwropted.rpt"/>
  <File Type="PWROPT-TIMING" Name="divider_timing_summary_pwropted.rpt"/>
  <File Type="PLACE-DCP" Name="divider_placed.dcp"/>
  <File Type="PLACE-IO" Name="divider_io_placed.rpt"/>
  <File Type="PLACE-CLK" Name="divider_clock_utilization_placed.rpt"/>
  <File Type="PLACE-UTIL" Name="divider_utilization_placed.rpt"/>
  <File Type="PLACE-UTIL-PB" Name="divider_utilization_placed.pb"/>
  <File Type="PLACE-CTRL" Name="divider_control_sets_placed.rpt"/>
  <File Type="PLACE-SIMILARITY" Name="divider_incremental_reuse_placed.rpt"/>
  <File Type="PLACE-PRE-SIMILARITY" Name="divider_incremental_reuse_pre_placed.rpt"/>
  <File Type="PLACE-TIMING" Name="divider_timing_summary_placed.rpt"/>
  <File Type="POSTPLACE-PWROPT-DCP" Name="divider_postplace_pwropt.dcp"/>
  <File Type="BG-BIN" Name="divider.bin"/>
  <File Type="POSTPLACE-PWROPT-TIMING" Name="divider_timing_summary_postplace_pwropted.rpt"/>
  <File Type="PHYSOPT-DCP" Name="divider_physopt.dcp"/>
  <File Type="PHYSOPT-DRC" Name="divider_drc_physopted.rpt"/>
  <File Type="BITSTR-MSK" Name="divider.msk"/>
  <File Type="PHYSOPT-TIMING" Name="divider_timing_summary_physopted.rpt"/>
  <File Type="ROUTE-ERROR-DCP" Name="divider_routed_error.dcp"/>
  <File Type="ROUTE-DCP" Name="divider_routed.dcp"/>
  <File Type="ROUTE-BLACKBOX-DCP" Name="divider_routed_bb.dcp"/>
  <File Type="ROUTE-DRC" Name="divider_drc_routed.rpt"/>
  <File Type="ROUTE-DRC-PB" Name="divider_drc_routed.pb"/>
  <File Type="ROUTE-DRC-RPX" Name="divider_drc_routed.rpx"/>
  <File Type="BITSTR-MMI" Name="divider.mmi"/>
  <File Type="ROUTE-METHODOLOGY-DRC" Name="divider_methodology_drc_routed.rpt"/>
  <File Type="ROUTE-METHODOLOGY-DRC-RPX" Name="divider_methodology_drc_routed.rpx"/>
  <File Type="ROUTE-METHODOLOGY-DRC-PB" Name="divider_methodology_drc_routed.pb"/>
  <File Type="ROUTE-PWR-RPX" Name="divider_power_routed.rpx"/>
  <File Type="ROUTE-STATUS" Name="divider_route_status.rpt"/>
  <File Type="ROUTE-STATUS-PB" Name="divider_route_status.pb"/>
  <File Type="ROUTE-TIMINGSUMMARY" Name="divider_timing_summary_routed.rpt"/>
  <File Type="ROUTE-TIMING-PB" Name="divider_timing_summary_routed.pb"/>
  <File Type="ROUTE-TIMING-RPX" Name="divider_timing_summary_routed.rpx"/>
  <File Type="ROUTE-SIMILARITY" Name="divider_incremental_reuse_routed.rpt"/>
  <File Type="ROUTE-CLK" Name="divider_clock_utilization_routed.rpt"/>
  <File Type="ROUTE-BUS-SKEW" Name="divider_bus_skew_routed.rpt"/>
  <File Type="ROUTE-BUS-SKEW-PB" Name="divider_bus_skew_routed.pb"/>
  <File Type="ROUTE-BUS-SKEW-RPX" Name="divider_bus_skew_routed.rpx"/>
  <File Type="POSTROUTE-PHYSOPT-DCP" Name="divider_postroute_physopt.dcp"/>
  <File Type="POSTROUTE-PHYSOPT-BLACKBOX-DCP" Name="divider_postroute_physopt_bb.dcp"/>
  <File Type="POSTROUTE-PHYSOPT-TIMING" Name="divider_timing_summary_postroute_physopted.rpt"/>
  <File Type="POSTROUTE-PHYSOPT-TIMING-PB" Name="divider_timing_summary_postroute_physopted.pb"/>
  <File Type="POSTROUTE-PHYSOPT-TIMING-RPX" Name="divider_timing_summary_postroute_physopted.rpx"/>
  <File Type="POSTROUTE-PHYSOPT-BUS-SKEW" Name="divider_bus_skew_postroute_physopted.rpt"/>
  <File Type="POSTROUTE-PHYSOPT-BUS-SKEW-PB" Name="divider_bus_skew_postroute_physopted.pb"/>
  <File Type="BG-BIT" Name="divider.bit"/>
  <File Type="POSTROUTE-PHYSOPT-BUS-SKEW-RPX" Name="divider_bus_skew_postroute_physopted.rpx"/>
  <File Type="BITSTR-RBT" Name="divider.rbt"/>
  <File Type="BITSTR-NKY" Name="divider.nky"/>
  <File Type="PDI-FILE" Name="divider.pdi"/>
  <File Type="RCFI_FILE" Name="divider.rcfi"/>
  <File Type="CFI_FILE" Name="divider.cfi"/>
  <File Type="RNPI_FILE" Name="divider.rnpi"/>
  <File Type="NPI_FILE" Name="divider.npi"/>
  <File Type="RBD_FILE" Name="divider.rbd"/>
  <File Type="BITSTR-LTX" Name="debug_nets.ltx"/>
  <File Type="BITSTR-LTX" Name="divider.ltx"/>
  <File Type="BITSTR-SYSDEF" Name="divider.sysdef"/>
  <File Type="BG-BGN" Name="divider.bgn"/>
  <File Type="BG-DRC" Name="divider.drc"/>
  <File Type="RDI-RDI" Name="divider.vdi"/>
  <File Type="WBT-USG" Name="usage_statistics_webtalk.html"/>
  <FileSet Name="sources" Type="DesignSrcs" RelSrcDir="$PSRCDIR/sources_1" RelGenDir="$PGENDIR/sources_1">
    <Filter Type="Srcs"/>
    <File Path="$PSRCDIR/sources_1/new/exp_3_1.v">
      <FileInfo>
        <Attr Name="UsedIn" Val="synthesis"/>
        <Attr Name="UsedIn" Val="implementation"/>
        <Attr Name="UsedIn" Val="simulation"/>
      </FileInfo>
    </File>
    <Config>
      <Option Name="DesignMode" Val="RTL"/>
      <Option Name="TopModule" Val="divider"/>
      <Option Name="TopAutoSet" Val="TRUE"/>
    </Config>
  </FileSet>
  <FileSet Name="constrs_in" Type="Constrs" RelSrcDir="$PSRCDIR/constrs_1">
    <Filter Type="Constrs"/>
    <File Path="$PPRDIR/../../constrs/exp_3_1/Nexys4DDR_Master.xdc">
      <FileInfo>
        <Attr Name="UsedIn" Val="synthesis"/>
        <Attr Name="UsedIn" Val="implementation"/>
      </FileInfo>
    </File>
    <Config>
      <Option Name="ConstrsType" Val="XDC"/>
    </Config>
  </FileSet>
  <FileSet Name="utils" Type="Utils" RelSrcDir="$PSRCDIR/utils_1">
    <Filter Type="Utils"/>
    <Config>
      <Option Name="TopAutoSet" Val="TRUE"/>
    </Config>
  </FileSet>
  <Strategy Version="1" Minor="2">
    <StratHandle Name="Vivado Implementation Defaults" Flow="Vivado Implementation 2020"/>
    <Step Id="init_design"/>
    <Step Id="opt_design"/>
    <Step Id="power_opt_design"/>
    <Step Id="place_design"/>
    <Step Id="post_place_power_opt_design"/>
    <Step Id="phys_opt_design"/>
    <Step Id="route_design"/>
    <Step Id="post_route_phys_opt_design"/>
    <Step Id="write_bitstream"/>
  </Strategy>
</GenRun>
