<?xml version="1.0" encoding="UTF-8"?>
<GenRun Id="impl_1" LaunchPart="xc7a100tcsg324-1" LaunchTime="1622638696">
  <File Type="BITSTR-BMM" Name="Auto_Cal_Final_bd.bmm"/>
  <File Type="OPT-METHODOLOGY-DRC" Name="Auto_Cal_Final_methodology_drc_opted.rpt"/>
  <File Type="INIT-TIMING" Name="Auto_Cal_Final_timing_summary_init.rpt"/>
  <File Type="ROUTE-PWR" Name="Auto_Cal_Final_power_routed.rpt"/>
  <File Type="PA-TCL" Name="Auto_Cal_Final.tcl"/>
  <File Type="OPT-TIMING" Name="Auto_Cal_Final_timing_summary_opted.rpt"/>
  <File Type="OPT-DCP" Name="Auto_Cal_Final_opt.dcp"/>
  <File Type="ROUTE-PWR-SUM" Name="Auto_Cal_Final_power_summary_routed.pb"/>
  <File Type="REPORTS-TCL" Name="Auto_Cal_Final_reports.tcl"/>
  <File Type="OPT-DRC" Name="Auto_Cal_Final_drc_opted.rpt"/>
  <File Type="OPT-HWDEF" Name="Auto_Cal_Final.hwdef"/>
  <File Type="PWROPT-DCP" Name="Auto_Cal_Final_pwropt.dcp"/>
  <File Type="PWROPT-DRC" Name="Auto_Cal_Final_drc_pwropted.rpt"/>
  <File Type="PWROPT-TIMING" Name="Auto_Cal_Final_timing_summary_pwropted.rpt"/>
  <File Type="PLACE-DCP" Name="Auto_Cal_Final_placed.dcp"/>
  <File Type="PLACE-IO" Name="Auto_Cal_Final_io_placed.rpt"/>
  <File Type="PLACE-CLK" Name="Auto_Cal_Final_clock_utilization_placed.rpt"/>
  <File Type="PLACE-UTIL" Name="Auto_Cal_Final_utilization_placed.rpt"/>
  <File Type="PLACE-UTIL-PB" Name="Auto_Cal_Final_utilization_placed.pb"/>
  <File Type="PLACE-CTRL" Name="Auto_Cal_Final_control_sets_placed.rpt"/>
  <File Type="PLACE-SIMILARITY" Name="Auto_Cal_Final_incremental_reuse_placed.rpt"/>
  <File Type="PLACE-PRE-SIMILARITY" Name="Auto_Cal_Final_incremental_reuse_pre_placed.rpt"/>
  <File Type="PLACE-TIMING" Name="Auto_Cal_Final_timing_summary_placed.rpt"/>
  <File Type="POSTPLACE-PWROPT-DCP" Name="Auto_Cal_Final_postplace_pwropt.dcp"/>
  <File Type="BG-BIN" Name="Auto_Cal_Final.bin"/>
  <File Type="POSTPLACE-PWROPT-TIMING" Name="Auto_Cal_Final_timing_summary_postplace_pwropted.rpt"/>
  <File Type="PHYSOPT-DCP" Name="Auto_Cal_Final_physopt.dcp"/>
  <File Type="PHYSOPT-DRC" Name="Auto_Cal_Final_drc_physopted.rpt"/>
  <File Type="BITSTR-MSK" Name="Auto_Cal_Final.msk"/>
  <File Type="PHYSOPT-TIMING" Name="Auto_Cal_Final_timing_summary_physopted.rpt"/>
  <File Type="ROUTE-ERROR-DCP" Name="Auto_Cal_Final_routed_error.dcp"/>
  <File Type="ROUTE-DCP" Name="Auto_Cal_Final_routed.dcp"/>
  <File Type="ROUTE-BLACKBOX-DCP" Name="Auto_Cal_Final_routed_bb.dcp"/>
  <File Type="ROUTE-DRC" Name="Auto_Cal_Final_drc_routed.rpt"/>
  <File Type="ROUTE-DRC-PB" Name="Auto_Cal_Final_drc_routed.pb"/>
  <File Type="ROUTE-DRC-RPX" Name="Auto_Cal_Final_drc_routed.rpx"/>
  <File Type="BITSTR-MMI" Name="Auto_Cal_Final.mmi"/>
  <File Type="ROUTE-METHODOLOGY-DRC" Name="Auto_Cal_Final_methodology_drc_routed.rpt"/>
  <File Type="ROUTE-METHODOLOGY-DRC-RPX" Name="Auto_Cal_Final_methodology_drc_routed.rpx"/>
  <File Type="ROUTE-METHODOLOGY-DRC-PB" Name="Auto_Cal_Final_methodology_drc_routed.pb"/>
  <File Type="ROUTE-PWR-RPX" Name="Auto_Cal_Final_power_routed.rpx"/>
  <File Type="ROUTE-STATUS" Name="Auto_Cal_Final_route_status.rpt"/>
  <File Type="ROUTE-STATUS-PB" Name="Auto_Cal_Final_route_status.pb"/>
  <File Type="ROUTE-TIMINGSUMMARY" Name="Auto_Cal_Final_timing_summary_routed.rpt"/>
  <File Type="ROUTE-TIMING-PB" Name="Auto_Cal_Final_timing_summary_routed.pb"/>
  <File Type="ROUTE-TIMING-RPX" Name="Auto_Cal_Final_timing_summary_routed.rpx"/>
  <File Type="ROUTE-SIMILARITY" Name="Auto_Cal_Final_incremental_reuse_routed.rpt"/>
  <File Type="ROUTE-CLK" Name="Auto_Cal_Final_clock_utilization_routed.rpt"/>
  <File Type="ROUTE-BUS-SKEW" Name="Auto_Cal_Final_bus_skew_routed.rpt"/>
  <File Type="ROUTE-BUS-SKEW-PB" Name="Auto_Cal_Final_bus_skew_routed.pb"/>
  <File Type="ROUTE-BUS-SKEW-RPX" Name="Auto_Cal_Final_bus_skew_routed.rpx"/>
  <File Type="POSTROUTE-PHYSOPT-DCP" Name="Auto_Cal_Final_postroute_physopt.dcp"/>
  <File Type="POSTROUTE-PHYSOPT-BLACKBOX-DCP" Name="Auto_Cal_Final_postroute_physopt_bb.dcp"/>
  <File Type="POSTROUTE-PHYSOPT-TIMING" Name="Auto_Cal_Final_timing_summary_postroute_physopted.rpt"/>
  <File Type="POSTROUTE-PHYSOPT-TIMING-PB" Name="Auto_Cal_Final_timing_summary_postroute_physopted.pb"/>
  <File Type="POSTROUTE-PHYSOPT-TIMING-RPX" Name="Auto_Cal_Final_timing_summary_postroute_physopted.rpx"/>
  <File Type="POSTROUTE-PHYSOPT-BUS-SKEW" Name="Auto_Cal_Final_bus_skew_postroute_physopted.rpt"/>
  <File Type="POSTROUTE-PHYSOPT-BUS-SKEW-PB" Name="Auto_Cal_Final_bus_skew_postroute_physopted.pb"/>
  <File Type="BG-BIT" Name="Auto_Cal_Final.bit"/>
  <File Type="POSTROUTE-PHYSOPT-BUS-SKEW-RPX" Name="Auto_Cal_Final_bus_skew_postroute_physopted.rpx"/>
  <File Type="BITSTR-RBT" Name="Auto_Cal_Final.rbt"/>
  <File Type="BITSTR-NKY" Name="Auto_Cal_Final.nky"/>
  <File Type="PDI-FILE" Name="Auto_Cal_Final.pdi"/>
  <File Type="RCFI_FILE" Name="Auto_Cal_Final.rcfi"/>
  <File Type="CFI_FILE" Name="Auto_Cal_Final.cfi"/>
  <File Type="RNPI_FILE" Name="Auto_Cal_Final.rnpi"/>
  <File Type="NPI_FILE" Name="Auto_Cal_Final.npi"/>
  <File Type="RBD_FILE" Name="Auto_Cal_Final.rbd"/>
  <File Type="BITSTR-LTX" Name="debug_nets.ltx"/>
  <File Type="BITSTR-LTX" Name="Auto_Cal_Final.ltx"/>
  <File Type="BITSTR-SYSDEF" Name="Auto_Cal_Final.sysdef"/>
  <File Type="BG-BGN" Name="Auto_Cal_Final.bgn"/>
  <File Type="BG-DRC" Name="Auto_Cal_Final.drc"/>
  <File Type="RDI-RDI" Name="Auto_Cal_Final.vdi"/>
  <File Type="WBT-USG" Name="usage_statistics_webtalk.html"/>
  <FileSet Name="sources" Type="DesignSrcs" RelSrcDir="$PSRCDIR/sources_1" RelGenDir="$PGENDIR/sources_1">
    <Filter Type="Srcs"/>
    <File Path="$PSRCDIR/sources_1/new/Auto_Cal.v">
      <FileInfo>
        <Attr Name="UsedIn" Val="synthesis"/>
        <Attr Name="UsedIn" Val="implementation"/>
        <Attr Name="UsedIn" Val="simulation"/>
      </FileInfo>
    </File>
    <File Path="$PSRCDIR/sources_1/new/FSM.v">
      <FileInfo>
        <Attr Name="UsedIn" Val="synthesis"/>
        <Attr Name="UsedIn" Val="implementation"/>
        <Attr Name="UsedIn" Val="simulation"/>
      </FileInfo>
    </File>
    <File Path="$PSRCDIR/sources_1/new/compare.v">
      <FileInfo>
        <Attr Name="UsedIn" Val="synthesis"/>
        <Attr Name="UsedIn" Val="implementation"/>
        <Attr Name="UsedIn" Val="simulation"/>
      </FileInfo>
    </File>
    <File Path="$PSRCDIR/sources_1/new/divider.v">
      <FileInfo>
        <Attr Name="UsedIn" Val="synthesis"/>
        <Attr Name="UsedIn" Val="implementation"/>
        <Attr Name="UsedIn" Val="simulation"/>
      </FileInfo>
    </File>
    <File Path="$PSRCDIR/sources_1/new/exam_1.v">
      <FileInfo>
        <Attr Name="UsedIn" Val="synthesis"/>
        <Attr Name="UsedIn" Val="implementation"/>
        <Attr Name="UsedIn" Val="simulation"/>
      </FileInfo>
    </File>
    <File Path="$PSRCDIR/sources_1/new/full_adder.v">
      <FileInfo>
        <Attr Name="UsedIn" Val="synthesis"/>
        <Attr Name="UsedIn" Val="implementation"/>
        <Attr Name="UsedIn" Val="simulation"/>
      </FileInfo>
    </File>
    <File Path="$PSRCDIR/sources_1/new/memory.v">
      <FileInfo>
        <Attr Name="UsedIn" Val="synthesis"/>
        <Attr Name="UsedIn" Val="implementation"/>
        <Attr Name="UsedIn" Val="simulation"/>
      </FileInfo>
    </File>
    <File Path="$PSRCDIR/sources_1/new/mux2_1.v">
      <FileInfo>
        <Attr Name="UsedIn" Val="synthesis"/>
        <Attr Name="UsedIn" Val="implementation"/>
        <Attr Name="UsedIn" Val="simulation"/>
      </FileInfo>
    </File>
    <File Path="$PSRCDIR/sources_1/new/pattern.v">
      <FileInfo>
        <Attr Name="UsedIn" Val="synthesis"/>
        <Attr Name="UsedIn" Val="implementation"/>
        <Attr Name="UsedIn" Val="simulation"/>
      </FileInfo>
    </File>
    <File Path="$PSRCDIR/sources_1/new/register.v">
      <FileInfo>
        <Attr Name="UsedIn" Val="synthesis"/>
        <Attr Name="UsedIn" Val="implementation"/>
        <Attr Name="UsedIn" Val="simulation"/>
      </FileInfo>
    </File>
    <File Path="$PSRCDIR/sources_1/new/Auto_Cal_Final.v">
      <FileInfo>
        <Attr Name="UsedIn" Val="synthesis"/>
        <Attr Name="UsedIn" Val="implementation"/>
        <Attr Name="UsedIn" Val="simulation"/>
      </FileInfo>
    </File>
    <Config>
      <Option Name="DesignMode" Val="RTL"/>
      <Option Name="TopModule" Val="Auto_Cal_Final"/>
      <Option Name="TopAutoSet" Val="TRUE"/>
    </Config>
  </FileSet>
  <FileSet Name="constrs_in" Type="Constrs" RelSrcDir="$PSRCDIR/constrs_1">
    <Filter Type="Constrs"/>
    <File Path="$PPRDIR/../constrs/Nexys4DDR_Master.xdc">
      <FileInfo>
        <Attr Name="UsedIn" Val="synthesis"/>
        <Attr Name="UsedIn" Val="implementation"/>
      </FileInfo>
    </File>
    <Config>
      <Option Name="ConstrsType" Val="XDC"/>
    </Config>
  </FileSet>
  <FileSet Name="utils" Type="Utils" RelSrcDir="$PSRCDIR/utils_1">
    <Filter Type="Utils"/>
    <Config>
      <Option Name="TopAutoSet" Val="TRUE"/>
    </Config>
  </FileSet>
  <Strategy Version="1" Minor="2">
    <StratHandle Name="Vivado Implementation Defaults" Flow="Vivado Implementation 2020"/>
    <Step Id="init_design"/>
    <Step Id="opt_design"/>
    <Step Id="power_opt_design"/>
    <Step Id="place_design"/>
    <Step Id="post_place_power_opt_design"/>
    <Step Id="phys_opt_design"/>
    <Step Id="route_design"/>
    <Step Id="post_route_phys_opt_design"/>
    <Step Id="write_bitstream"/>
  </Strategy>
</GenRun>
