<?xml version="1.0" encoding="UTF-8"?>
<GenRun Id="impl_1" LaunchPart="xc7a100tcsg324-1" LaunchTime="1620803085">
  <File Type="BITSTR-BMM" Name="rom8x4_bd.bmm"/>
  <File Type="OPT-METHODOLOGY-DRC" Name="rom8x4_methodology_drc_opted.rpt"/>
  <File Type="INIT-TIMING" Name="rom8x4_timing_summary_init.rpt"/>
  <File Type="ROUTE-PWR" Name="rom8x4_power_routed.rpt"/>
  <File Type="PA-TCL" Name="rom8x4.tcl"/>
  <File Type="OPT-TIMING" Name="rom8x4_timing_summary_opted.rpt"/>
  <File Type="OPT-DCP" Name="rom8x4_opt.dcp"/>
  <File Type="ROUTE-PWR-SUM" Name="rom8x4_power_summary_routed.pb"/>
  <File Type="REPORTS-TCL" Name="rom8x4_reports.tcl"/>
  <File Type="OPT-DRC" Name="rom8x4_drc_opted.rpt"/>
  <File Type="OPT-HWDEF" Name="rom8x4.hwdef"/>
  <File Type="PWROPT-DCP" Name="rom8x4_pwropt.dcp"/>
  <File Type="PWROPT-DRC" Name="rom8x4_drc_pwropted.rpt"/>
  <File Type="PWROPT-TIMING" Name="rom8x4_timing_summary_pwropted.rpt"/>
  <File Type="PLACE-DCP" Name="rom8x4_placed.dcp"/>
  <File Type="PLACE-IO" Name="rom8x4_io_placed.rpt"/>
  <File Type="PLACE-CLK" Name="rom8x4_clock_utilization_placed.rpt"/>
  <File Type="PLACE-UTIL" Name="rom8x4_utilization_placed.rpt"/>
  <File Type="PLACE-UTIL-PB" Name="rom8x4_utilization_placed.pb"/>
  <File Type="PLACE-CTRL" Name="rom8x4_control_sets_placed.rpt"/>
  <File Type="PLACE-SIMILARITY" Name="rom8x4_incremental_reuse_placed.rpt"/>
  <File Type="PLACE-PRE-SIMILARITY" Name="rom8x4_incremental_reuse_pre_placed.rpt"/>
  <File Type="PLACE-TIMING" Name="rom8x4_timing_summary_placed.rpt"/>
  <File Type="POSTPLACE-PWROPT-DCP" Name="rom8x4_postplace_pwropt.dcp"/>
  <File Type="BG-BIN" Name="rom8x4.bin"/>
  <File Type="POSTPLACE-PWROPT-TIMING" Name="rom8x4_timing_summary_postplace_pwropted.rpt"/>
  <File Type="PHYSOPT-DCP" Name="rom8x4_physopt.dcp"/>
  <File Type="PHYSOPT-DRC" Name="rom8x4_drc_physopted.rpt"/>
  <File Type="BITSTR-MSK" Name="rom8x4.msk"/>
  <File Type="PHYSOPT-TIMING" Name="rom8x4_timing_summary_physopted.rpt"/>
  <File Type="ROUTE-ERROR-DCP" Name="rom8x4_routed_error.dcp"/>
  <File Type="ROUTE-DCP" Name="rom8x4_routed.dcp"/>
  <File Type="ROUTE-BLACKBOX-DCP" Name="rom8x4_routed_bb.dcp"/>
  <File Type="ROUTE-DRC" Name="rom8x4_drc_routed.rpt"/>
  <File Type="ROUTE-DRC-PB" Name="rom8x4_drc_routed.pb"/>
  <File Type="ROUTE-DRC-RPX" Name="rom8x4_drc_routed.rpx"/>
  <File Type="BITSTR-MMI" Name="rom8x4.mmi"/>
  <File Type="ROUTE-METHODOLOGY-DRC" Name="rom8x4_methodology_drc_routed.rpt"/>
  <File Type="ROUTE-METHODOLOGY-DRC-RPX" Name="rom8x4_methodology_drc_routed.rpx"/>
  <File Type="ROUTE-METHODOLOGY-DRC-PB" Name="rom8x4_methodology_drc_routed.pb"/>
  <File Type="ROUTE-PWR-RPX" Name="rom8x4_power_routed.rpx"/>
  <File Type="ROUTE-STATUS" Name="rom8x4_route_status.rpt"/>
  <File Type="ROUTE-STATUS-PB" Name="rom8x4_route_status.pb"/>
  <File Type="ROUTE-TIMINGSUMMARY" Name="rom8x4_timing_summary_routed.rpt"/>
  <File Type="ROUTE-TIMING-PB" Name="rom8x4_timing_summary_routed.pb"/>
  <File Type="ROUTE-TIMING-RPX" Name="rom8x4_timing_summary_routed.rpx"/>
  <File Type="ROUTE-SIMILARITY" Name="rom8x4_incremental_reuse_routed.rpt"/>
  <File Type="ROUTE-CLK" Name="rom8x4_clock_utilization_routed.rpt"/>
  <File Type="ROUTE-BUS-SKEW" Name="rom8x4_bus_skew_routed.rpt"/>
  <File Type="ROUTE-BUS-SKEW-PB" Name="rom8x4_bus_skew_routed.pb"/>
  <File Type="ROUTE-BUS-SKEW-RPX" Name="rom8x4_bus_skew_routed.rpx"/>
  <File Type="POSTROUTE-PHYSOPT-DCP" Name="rom8x4_postroute_physopt.dcp"/>
  <File Type="POSTROUTE-PHYSOPT-BLACKBOX-DCP" Name="rom8x4_postroute_physopt_bb.dcp"/>
  <File Type="POSTROUTE-PHYSOPT-TIMING" Name="rom8x4_timing_summary_postroute_physopted.rpt"/>
  <File Type="POSTROUTE-PHYSOPT-TIMING-PB" Name="rom8x4_timing_summary_postroute_physopted.pb"/>
  <File Type="POSTROUTE-PHYSOPT-TIMING-RPX" Name="rom8x4_timing_summary_postroute_physopted.rpx"/>
  <File Type="POSTROUTE-PHYSOPT-BUS-SKEW" Name="rom8x4_bus_skew_postroute_physopted.rpt"/>
  <File Type="POSTROUTE-PHYSOPT-BUS-SKEW-PB" Name="rom8x4_bus_skew_postroute_physopted.pb"/>
  <File Type="BG-BIT" Name="rom8x4.bit"/>
  <File Type="POSTROUTE-PHYSOPT-BUS-SKEW-RPX" Name="rom8x4_bus_skew_postroute_physopted.rpx"/>
  <File Type="BITSTR-RBT" Name="rom8x4.rbt"/>
  <File Type="BITSTR-NKY" Name="rom8x4.nky"/>
  <File Type="PDI-FILE" Name="rom8x4.pdi"/>
  <File Type="RCFI_FILE" Name="rom8x4.rcfi"/>
  <File Type="CFI_FILE" Name="rom8x4.cfi"/>
  <File Type="RNPI_FILE" Name="rom8x4.rnpi"/>
  <File Type="NPI_FILE" Name="rom8x4.npi"/>
  <File Type="RBD_FILE" Name="rom8x4.rbd"/>
  <File Type="BITSTR-LTX" Name="debug_nets.ltx"/>
  <File Type="BITSTR-LTX" Name="rom8x4.ltx"/>
  <File Type="BITSTR-SYSDEF" Name="rom8x4.sysdef"/>
  <File Type="BG-BGN" Name="rom8x4.bgn"/>
  <File Type="BG-DRC" Name="rom8x4.drc"/>
  <File Type="RDI-RDI" Name="rom8x4.vdi"/>
  <File Type="WBT-USG" Name="usage_statistics_webtalk.html"/>
  <FileSet Name="sources" Type="DesignSrcs" RelSrcDir="$PSRCDIR/sources_1" RelGenDir="$PGENDIR/sources_1">
    <Filter Type="Srcs"/>
    <File Path="$PSRCDIR/sources_1/new/exp_3_4.v">
      <FileInfo>
        <Attr Name="UsedIn" Val="synthesis"/>
        <Attr Name="UsedIn" Val="implementation"/>
        <Attr Name="UsedIn" Val="simulation"/>
      </FileInfo>
    </File>
    <Config>
      <Option Name="DesignMode" Val="RTL"/>
      <Option Name="TopModule" Val="rom8x4"/>
      <Option Name="TopAutoSet" Val="TRUE"/>
    </Config>
  </FileSet>
  <FileSet Name="constrs_in" Type="Constrs" RelSrcDir="$PSRCDIR/constrs_1">
    <Filter Type="Constrs"/>
    <File Path="$PPRDIR/../../constrs/exp_3_4/Nexys4DDR_Master.xdc">
      <FileInfo>
        <Attr Name="UsedIn" Val="synthesis"/>
        <Attr Name="UsedIn" Val="implementation"/>
      </FileInfo>
    </File>
    <Config>
      <Option Name="ConstrsType" Val="XDC"/>
    </Config>
  </FileSet>
  <FileSet Name="utils" Type="Utils" RelSrcDir="$PSRCDIR/utils_1">
    <Filter Type="Utils"/>
    <Config>
      <Option Name="TopAutoSet" Val="TRUE"/>
    </Config>
  </FileSet>
  <Strategy Version="1" Minor="2">
    <StratHandle Name="Vivado Implementation Defaults" Flow="Vivado Implementation 2020">
      <Desc>Default settings for Implementation.</Desc>
    </StratHandle>
    <Step Id="init_design"/>
    <Step Id="opt_design"/>
    <Step Id="power_opt_design"/>
    <Step Id="place_design"/>
    <Step Id="post_place_power_opt_design"/>
    <Step Id="phys_opt_design"/>
    <Step Id="route_design"/>
    <Step Id="post_route_phys_opt_design"/>
    <Step Id="write_bitstream"/>
  </Strategy>
</GenRun>
