<?xml version="1.0" encoding="UTF-8"?>
<GenRun Id="synth_1" LaunchPart="xc7a100tcsg324-1" LaunchTime="1619609287">
  <File Type="PA-TCL" Name="_7Seg_Driver_Direct.tcl"/>
  <File Type="RDS-PROPCONSTRS" Name="_7Seg_Driver_Direct_drc_synth.rpt"/>
  <File Type="REPORTS-TCL" Name="_7Seg_Driver_Direct_reports.tcl"/>
  <File Type="RDS-RDS" Name="_7Seg_Driver_Direct.vds"/>
  <File Type="RDS-UTIL" Name="_7Seg_Driver_Direct_utilization_synth.rpt"/>
  <File Type="RDS-UTIL-PB" Name="_7Seg_Driver_Direct_utilization_synth.pb"/>
  <File Type="RDS-DCP" Name="_7Seg_Driver_Direct.dcp"/>
  <File Type="VDS-TIMINGSUMMARY" Name="_7Seg_Driver_Direct_timing_summary_synth.rpt"/>
  <File Type="VDS-TIMING-PB" Name="_7Seg_Driver_Direct_timing_summary_synth.pb"/>
  <FileSet Name="sources" Type="DesignSrcs" RelSrcDir="$PSRCDIR/sources_1" RelGenDir="$PGENDIR/sources_1">
    <Filter Type="Srcs"/>
    <File Path="$PSRCDIR/sources_1/new/exp_2_1.v">
      <FileInfo>
        <Attr Name="UsedIn" Val="synthesis"/>
        <Attr Name="UsedIn" Val="implementation"/>
        <Attr Name="UsedIn" Val="simulation"/>
      </FileInfo>
    </File>
    <Config>
      <Option Name="DesignMode" Val="RTL"/>
      <Option Name="TopModule" Val="_7Seg_Driver_Direct"/>
      <Option Name="TopAutoSet" Val="TRUE"/>
    </Config>
  </FileSet>
  <FileSet Name="constrs_in" Type="Constrs" RelSrcDir="$PSRCDIR/constrs_1">
    <Filter Type="Constrs"/>
    <File Path="$PPRDIR/../../constrs/exp_2_1/Nexys4DDR_Master.xdc">
      <FileInfo>
        <Attr Name="UsedIn" Val="synthesis"/>
        <Attr Name="UsedIn" Val="implementation"/>
      </FileInfo>
    </File>
    <Config>
      <Option Name="ConstrsType" Val="XDC"/>
    </Config>
  </FileSet>
  <FileSet Name="utils" Type="Utils" RelSrcDir="$PSRCDIR/utils_1">
    <Filter Type="Utils"/>
    <Config>
      <Option Name="TopAutoSet" Val="TRUE"/>
    </Config>
  </FileSet>
  <Strategy Version="1" Minor="2">
    <StratHandle Name="Vivado Synthesis Defaults" Flow="Vivado Synthesis 2020"/>
    <Step Id="synth_design"/>
  </Strategy>
</GenRun>
